t,frame,class,conf,area,source,fhi
0.03,1,Lush Green,1.0,18118,onnx,92.9
0.03,1,Drought / Severe Stress,0.887,6167,hsv,92.9
0.03,1,Lush Green,0.815,55681,onnx,92.9
0.03,1,Lush Green,0.55,4162,hsv,92.9
0.03,1,Bare Soil / Gap,0.55,6858,hsv,92.9
0.03,1,Inconsistent Growth,0.55,4965,hsv,92.9
0.1,3,Lush Green,1.0,18159,onnx,92.2
0.1,3,Drought / Severe Stress,0.881,4675,hsv,92.2
0.1,3,Drought / Severe Stress,0.859,4661,hsv,92.2
0.1,3,Bare Soil / Gap,0.745,10012,onnx,92.2
0.1,3,Lush Green,0.693,56170,onnx,92.2
0.1,3,Inconsistent Growth,0.55,4313,hsv,92.2
0.2,6,Lush Green,1.0,13692,onnx,93.1
0.2,6,Bare Soil / Gap,0.932,5427,onnx,93.1
0.2,6,Drought / Severe Stress,0.926,4798,hsv,93.1
0.2,6,Lush Green,0.837,48908,onnx,93.1
0.2,6,Drought / Severe Stress,0.826,4804,hsv,93.1
0.2,6,Lush Green,0.739,56129,onnx,93.1
0.2,6,Lush Green,0.55,4487,hsv,93.1
0.3,9,Lush Green,1.0,18212,onnx,95.5
0.3,9,Lush Green,0.793,49787,onnx,95.5
0.3,9,Lush Green,0.611,57543,hsv,95.5
0.3,9,Bare Soil / Gap,0.564,5291,hsv,95.5
0.3,9,Lush Green,0.55,4517,hsv,95.5
0.4,12,Lush Green,1.0,18709,onnx,97.1
0.4,12,Lush Green,0.843,58226,onnx,97.1
0.4,12,Bare Soil / Gap,0.696,9941,onnx,97.1
0.4,12,Lush Green,0.686,50528,onnx,97.1
0.4,12,Lush Green,0.55,4332,hsv,97.1
0.5,15,Lush Green,1.0,19587,onnx,98.1
0.5,15,Lush Green,0.848,47236,onnx,98.1
0.5,15,Lush Green,0.801,59833,onnx,98.1
0.5,15,Bare Soil / Gap,0.742,11501,onnx,98.1
0.5,15,Bare Soil / Gap,0.668,4168,hsv,98.1
0.6,18,Lush Green,1.0,19587,onnx,98.0
0.6,18,Bare Soil / Gap,0.992,5071,onnx,98.0
0.6,18,Drought / Severe Stress,0.869,4213,hsv,98.0
0.6,18,Bare Soil / Gap,0.865,7426,onnx,98.0
0.6,18,Lush Green,0.76,62754,hsv,98.0
0.6,18,Lush Green,0.749,49528,onnx,98.0
0.7,21,Lush Green,1.0,19660,onnx,97.0
0.7,21,Bare Soil / Gap,0.998,5500,onnx,97.0
0.7,21,Drought / Severe Stress,0.81,4176,hsv,97.0
0.7,21,Lush Green,0.608,64089,hsv,97.0
0.7,21,Bare Soil / Gap,0.55,8087,hsv,97.0
0.7,21,Inconsistent Growth,0.55,4943,hsv,97.0
0.8,24,Lush Green,1.0,19463,onnx,96.5
0.8,24,Bare Soil / Gap,0.949,4832,onnx,96.5
0.8,24,Lush Green,0.797,67691,hsv,96.5
0.8,24,Drought / Severe Stress,0.664,5779,hsv,96.5
0.9,27,Lush Green,1.0,19363,onnx,96.3
0.9,27,Bare Soil / Gap,0.943,5592,onnx,96.3
0.9,27,Lush Green,0.838,46199,onnx,96.3
0.9,27,Lush Green,0.636,69319,hsv,96.3
0.9,27,Drought / Severe Stress,0.57,5505,hsv,96.3
0.9,27,Inconsistent Growth,0.55,4275,hsv,96.3
1.0,30,Lush Green,1.0,19428,onnx,96.4
1.0,30,Bare Soil / Gap,0.97,5775,onnx,96.4
1.0,30,Lush Green,0.798,70278,hsv,96.4
1.0,30,Drought / Severe Stress,0.754,4465,hsv,96.4
1.0,30,Bare Soil / Gap,0.75,5001,onnx,96.4
1.0,30,Lush Green,0.7,42655,onnx,96.4
1.0,30,Inconsistent Growth,0.55,4365,hsv,96.4
1.1,33,Lush Green,1.0,19577,onnx,96.5
1.1,33,Bare Soil / Gap,0.977,6399,onnx,96.5
1.1,33,Bare Soil / Gap,0.868,4683,onnx,96.5
1.1,33,Drought / Severe Stress,0.816,4386,hsv,96.5
1.1,33,Lush Green,0.748,70651,hsv,96.5
1.2,36,Lush Green,1.0,35243,onnx,95.5
1.2,36,Lush Green,1.0,6808,onnx,95.5
1.2,36,Bare Soil / Gap,0.975,5727,onnx,95.5
1.2,36,Drought / Severe Stress,0.882,4477,hsv,95.5
1.2,36,Drought / Severe Stress,0.728,4339,hsv,95.5
1.2,36,Lush Green,0.695,72189,hsv,95.5
1.2,36,Inconsistent Growth,0.55,4234,hsv,95.5
1.3,39,Lush Green,1.0,35139,onnx,95.1
1.3,39,Lush Green,1.0,7111,onnx,95.1
1.3,39,Bare Soil / Gap,0.994,7806,onnx,95.1
1.3,39,Drought / Severe Stress,0.904,4357,hsv,95.1
1.3,39,Drought / Severe Stress,0.762,4291,hsv,95.1
1.3,39,Bare Soil / Gap,0.709,4982,onnx,95.1
1.3,39,Lush Green,0.55,73688,hsv,95.1
1.3,39,Lush Green,0.55,4690,hsv,95.1
1.3,39,Inconsistent Growth,0.55,4246,hsv,95.1
1.4,42,Lush Green,1.0,35025,onnx,93.9
1.4,42,Lush Green,1.0,7216,onnx,93.9
1.4,42,Drought / Severe Stress,0.925,4515,hsv,93.9
1.4,42,Bare Soil / Gap,0.841,4871,onnx,93.9
1.4,42,Inconsistent Growth,0.717,8122,hsv,93.9
1.4,42,Bare Soil / Gap,0.652,9049,onnx,93.9
1.4,42,Lush Green,0.608,74764,hsv,93.9
1.4,42,Drought / Severe Stress,0.603,5381,hsv,93.9
1.4,42,Lush Green,0.55,4562,hsv,93.9
1.4,42,Inconsistent Growth,0.55,4176,hsv,93.9
1.5,45,Lush Green,1.0,18560,onnx,94.1
1.5,45,Lush Green,1.0,7394,onnx,94.1
1.5,45,Bare Soil / Gap,0.995,14607,hsv,94.1
1.5,45,Drought / Severe Stress,0.869,4501,hsv,94.1
1.5,45,Lush Green,0.697,75922,hsv,94.1
1.5,45,Drought / Severe Stress,0.584,4837,hsv,94.1
1.6,48,Lush Green,1.0,18130,onnx,94.4
1.6,48,Lush Green,1.0,7460,onnx,94.4
1.6,48,Drought / Severe Stress,0.887,4393,hsv,94.4
1.6,48,Lush Green,0.795,34949,onnx,94.4
1.6,48,Bare Soil / Gap,0.69,10339,onnx,94.4
1.6,48,Lush Green,0.657,75755,hsv,94.4
1.6,48,Inconsistent Growth,0.577,6366,hsv,94.4
1.6,48,Lush Green,0.55,4159,hsv,94.4
1.6,48,Inconsistent Growth,0.55,5369,hsv,94.4
1.7,51,Lush Green,1.0,17674,onnx,94.0
1.7,51,Lush Green,1.0,5507,hsv,94.0
1.7,51,Drought / Severe Stress,0.955,4490,hsv,94.0
1.7,51,Bare Soil / Gap,0.881,8660,onnx,94.0
1.7,51,Drought / Severe Stress,0.861,4523,hsv,94.0
1.7,51,Lush Green,0.759,84363,hsv,94.0
1.7,51,Lush Green,0.693,34931,onnx,94.0
1.7,51,Inconsistent Growth,0.56,5811,hsv,94.0
1.7,51,Lush Green,0.55,5895,hsv,94.0
1.7,51,Inconsistent Growth,0.55,5838,hsv,94.0
1.8,54,Lush Green,1.0,11078,onnx,94.8
1.8,54,Lush Green,1.0,5684,onnx,94.8
1.8,54,Lush Green,0.907,6617,hsv,94.8
1.8,54,Drought / Severe Stress,0.809,4704,hsv,94.8
1.8,54,Bare Soil / Gap,0.802,4820,onnx,94.8
1.8,54,Lush Green,0.703,84568,hsv,94.8
1.8,54,Inconsistent Growth,0.696,5514,hsv,94.8
1.8,54,Lush Green,0.671,40808,onnx,94.8
1.9,57,Lush Green,1.0,17164,onnx,95.0
1.9,57,Drought / Severe Stress,0.877,4674,hsv,95.0
1.9,57,Lush Green,0.861,41544,onnx,95.0
1.9,57,Lush Green,0.808,86995,hsv,95.0
1.9,57,Bare Soil / Gap,0.727,5208,onnx,95.0
1.9,57,Lush Green,0.55,6239,hsv,95.0
1.9,57,Inconsistent Growth,0.55,9408,hsv,95.0
2.0,60,Lush Green,1.0,9615,hsv,95.6
2.0,60,Lush Green,1.0,6040,onnx,95.6
2.0,60,Lush Green,0.975,32705,onnx,95.6
2.0,60,Lush Green,0.965,12017,hsv,95.6
2.0,60,Lush Green,0.875,10405,onnx,95.6
2.0,60,Drought / Severe Stress,0.762,4379,hsv,95.6
2.0,60,Inconsistent Growth,0.726,5129,hsv,95.6
2.0,60,Bare Soil / Gap,0.611,4262,hsv,95.6
2.0,60,Lush Green,0.55,82020,hsv,95.6
2.1,63,Lush Green,1.0,16296,onnx,96.5
2.1,63,Lush Green,0.999,11151,hsv,96.5
2.1,63,Lush Green,0.971,8060,hsv,96.5
2.1,63,Drought / Severe Stress,0.825,4187,hsv,96.5
2.1,63,Lush Green,0.711,8015,onnx,96.5
2.1,63,Lush Green,0.659,120641,hsv,96.5
2.1,63,Bare Soil / Gap,0.55,5401,hsv,96.5
2.2,66,Lush Green,1.0,15797,onnx,96.6
2.2,66,Lush Green,0.997,12687,hsv,96.6
2.2,66,Lush Green,0.989,7794,hsv,96.6
2.2,66,Drought / Severe Stress,0.878,4147,hsv,96.6
2.2,66,Inconsistent Growth,0.726,5729,hsv,96.6
2.2,66,Lush Green,0.55,123477,hsv,96.6
2.3,69,Lush Green,1.0,15331,onnx,97.0
2.3,69,Lush Green,0.99,13719,hsv,97.0
2.3,69,Lush Green,0.987,5895,hsv,97.0
2.3,69,Lush Green,0.951,8161,hsv,97.0
2.3,69,Bare Soil / Gap,0.945,4153,onnx,97.0
2.3,69,Lush Green,0.636,122394,hsv,97.0
2.3,69,Inconsistent Growth,0.598,8582,hsv,97.0
2.4,72,Lush Green,1.0,14909,onnx,97.2
2.4,72,Lush Green,0.99,15163,hsv,97.2
2.4,72,Lush Green,0.978,6675,hsv,97.2
2.4,72,Lush Green,0.964,8585,hsv,97.2
2.4,72,Inconsistent Growth,0.656,9319,hsv,97.2
2.4,72,Lush Green,0.55,122988,hsv,97.2
2.5,75,Lush Green,1.0,14733,onnx,97.5
2.5,75,Lush Green,0.999,8351,hsv,97.5
2.5,75,Bare Soil / Gap,0.985,4599,onnx,97.5
2.5,75,Lush Green,0.968,16737,hsv,97.5
2.5,75,Lush Green,0.958,10970,hsv,97.5
2.5,75,Inconsistent Growth,0.669,8181,hsv,97.5
2.5,75,Lush Green,0.55,121934,hsv,97.5
2.6,78,Lush Green,1.0,14216,onnx,97.9
2.6,78,Bare Soil / Gap,0.998,4468,onnx,97.9
2.6,78,Lush Green,0.987,12782,hsv,97.9
2.6,78,Lush Green,0.979,27312,hsv,97.9
2.6,78,Inconsistent Growth,0.736,6024,hsv,97.9
2.6,78,Lush Green,0.55,120205,hsv,97.9
2.7,81,Lush Green,1.0,13813,onnx,97.7
2.7,81,Bare Soil / Gap,1.0,4502,onnx,97.7
2.7,81,Lush Green,0.808,118576,onnx,97.7
2.7,81,Inconsistent Growth,0.704,10437,hsv,97.7
2.7,81,Lush Green,0.55,41657,hsv,97.7
2.8,84,Lush Green,1.0,13599,onnx,97.7
2.8,84,Inconsistent Growth,0.851,10183,hsv,97.7
2.8,84,Lush Green,0.773,120677,onnx,97.7
2.8,84,Lush Green,0.55,41463,hsv,97.7
2.9,87,Lush Green,1.0,13240,onnx,97.9
2.9,87,Inconsistent Growth,0.65,6591,hsv,97.9
2.9,87,Lush Green,0.55,96850,hsv,97.9
2.9,87,Lush Green,0.55,44143,hsv,97.9
2.9,87,Lush Green,0.55,24369,hsv,97.9
3.0,90,Lush Green,1.0,12821,onnx,98.2
3.0,90,Lush Green,0.908,46491,hsv,98.2
3.0,90,Inconsistent Growth,0.649,5057,hsv,98.2
3.0,90,Lush Green,0.55,96174,hsv,98.2
3.0,90,Lush Green,0.55,23130,hsv,98.2
3.1,93,Lush Green,1.0,12323,onnx,98.1
3.1,93,Lush Green,0.996,39112,hsv,98.1
3.1,93,Lush Green,0.686,118065,hsv,98.1
3.1,93,Inconsistent Growth,0.619,8145,hsv,98.1
3.1,93,Lush Green,0.55,6811,hsv,98.1
3.2,96,Lush Green,1.0,12168,onnx,98.1
3.2,96,Lush Green,0.997,44984,hsv,98.1
3.2,96,Inconsistent Growth,0.791,4778,hsv,98.1
3.2,96,Inconsistent Growth,0.705,4288,hsv,98.1
3.2,96,Lush Green,0.595,122198,hsv,98.1
3.2,96,Lush Green,0.55,5994,hsv,98.1
3.3,99,Lush Green,1.0,12340,onnx,98.4
3.3,99,Lush Green,0.997,48541,hsv,98.4
3.3,99,Lush Green,0.735,4774,hsv,98.4
3.3,99,Inconsistent Growth,0.714,4693,hsv,98.4
3.3,99,Lush Green,0.55,101399,hsv,98.4
3.3,99,Lush Green,0.55,22164,hsv,98.4
3.4,102,Lush Green,1.0,12208,onnx,98.2
3.4,102,Lush Green,0.995,52007,hsv,98.2
3.4,102,Inconsistent Growth,0.756,8761,hsv,98.2
3.4,102,Lush Green,0.702,4678,hsv,98.2
3.4,102,Lush Green,0.638,99951,hsv,98.2
3.4,102,Lush Green,0.55,21113,hsv,98.2
3.5,105,Lush Green,1.0,11713,onnx,98.2
3.5,105,Lush Green,0.995,26492,hsv,98.2
3.5,105,Inconsistent Growth,0.86,8063,hsv,98.2
3.5,105,Lush Green,0.697,28246,hsv,98.2
3.5,105,Lush Green,0.55,99502,hsv,98.2
3.5,105,Lush Green,0.55,19325,hsv,98.2
3.5,105,Lush Green,0.55,4501,hsv,98.2
3.6,108,Lush Green,0.996,26513,hsv,98.4
3.6,108,Lush Green,0.953,9356,onnx,98.4
3.6,108,Inconsistent Growth,0.69,5081,hsv,98.4
3.6,108,Lush Green,0.683,28563,hsv,98.4
3.6,108,Lush Green,0.55,99276,hsv,98.4
3.6,108,Lush Green,0.55,18370,hsv,98.4
3.7,111,Lush Green,1.0,10450,onnx,98.6
3.7,111,Lush Green,0.991,58368,hsv,98.6
3.7,111,Lush Green,0.829,11793,hsv,98.6
3.7,111,Inconsistent Growth,0.757,4358,hsv,98.6
3.7,111,Lush Green,0.55,97575,hsv,98.6
3.7,111,Lush Green,0.55,5939,hsv,98.6
3.8,114,Lush Green,1.0,11693,onnx,98.5
3.8,114,Lush Green,0.997,61834,hsv,98.5
3.8,114,Lush Green,0.55,92800,hsv,98.5
3.8,114,Lush Green,0.55,14369,hsv,98.5
3.8,114,Inconsistent Growth,0.55,6473,hsv,98.5
3.9,117,Lush Green,1.0,11328,onnx,99.1
3.9,117,Lush Green,1.0,4163,onnx,99.1
3.9,117,Lush Green,0.99,32290,hsv,99.1
3.9,117,Lush Green,0.93,33030,hsv,99.1
3.9,117,Lush Green,0.809,9198,hsv,99.1
3.9,117,Lush Green,0.563,89698,hsv,99.1
3.9,117,Lush Green,0.55,4674,hsv,99.1
4.0,120,Lush Green,1.0,10777,onnx,99.4
4.0,120,Lush Green,0.985,66111,hsv,99.4
4.0,120,Lush Green,0.81,49682,hsv,99.4
4.0,120,Lush Green,0.657,7014,hsv,99.4
4.0,120,Lush Green,0.55,38761,hsv,99.4
4.1,123,Lush Green,1.0,10407,onnx,97.9
4.1,123,Lush Green,0.975,48889,hsv,97.9
4.1,123,Lush Green,0.74,4573,hsv,97.9
4.1,123,Drought / Severe Stress,0.701,4562,hsv,97.9
4.1,123,Lush Green,0.597,20073,hsv,97.9
4.1,123,Lush Green,0.587,85910,hsv,97.9
4.1,123,Inconsistent Growth,0.575,7753,hsv,97.9
4.1,123,Inconsistent Growth,0.55,4626,hsv,97.9
4.2,126,Lush Green,1.0,10027,onnx,96.9
4.2,126,Lush Green,0.901,50659,hsv,96.9
4.2,126,Lush Green,0.728,4341,hsv,96.9
4.2,126,Drought / Severe Stress,0.71,4746,hsv,96.9
4.2,126,Inconsistent Growth,0.706,5585,hsv,96.9
4.2,126,Inconsistent Growth,0.621,7145,hsv,96.9
4.2,126,Lush Green,0.55,81242,hsv,96.9
4.2,126,Lush Green,0.55,19222,hsv,96.9
4.3,129,Lush Green,1.0,9721,onnx,95.5
4.3,129,Lush Green,0.849,42041,hsv,95.5
4.3,129,Drought / Severe Stress,0.735,6358,hsv,95.5
4.3,129,Inconsistent Growth,0.722,7078,hsv,95.5
4.3,129,Lush Green,0.713,4720,onnx,95.5
4.3,129,Inconsistent Growth,0.661,10203,hsv,95.5
4.3,129,Lush Green,0.55,51605,hsv,95.5
4.3,129,Lush Green,0.55,30656,hsv,95.5
4.3,129,Lush Green,0.55,16597,hsv,95.5
4.4,132,Lush Green,0.988,9279,onnx,93.4
4.4,132,Drought / Severe Stress,0.804,6635,hsv,93.4
4.4,132,Lush Green,0.713,41500,hsv,93.4
4.4,132,Lush Green,0.667,4786,onnx,93.4
4.4,132,Inconsistent Growth,0.646,7901,hsv,93.4
4.4,132,Inconsistent Growth,0.595,8931,hsv,93.4
4.4,132,Lush Green,0.55,54949,hsv,93.4
4.4,132,Lush Green,0.55,23575,hsv,93.4
4.4,132,Lush Green,0.55,16444,hsv,93.4
4.4,132,Inconsistent Growth,0.55,16418,hsv,93.4
4.5,135,Lush Green,0.894,8966,onnx,91.9
4.5,135,Inconsistent Growth,0.805,10650,hsv,91.9
4.5,135,Drought / Severe Stress,0.763,7152,hsv,91.9
4.5,135,Lush Green,0.75,46164,onnx,91.9
4.5,135,Inconsistent Growth,0.721,16363,hsv,91.9
4.5,135,Lush Green,0.702,23327,onnx,91.9
4.5,135,Lush Green,0.686,4755,onnx,91.9
4.5,135,Lush Green,0.568,41336,hsv,91.9
4.5,135,Lush Green,0.55,16164,hsv,91.9
4.5,135,Lush Green,0.55,10908,hsv,91.9
4.5,135,Inconsistent Growth,0.55,8002,hsv,91.9
4.6,138,Lush Green,0.98,8732,onnx,91.2
4.6,138,Lush Green,0.95,38048,hsv,91.2
4.6,138,Lush Green,0.791,49116,hsv,91.2
4.6,138,Drought / Severe Stress,0.728,6415,hsv,91.2
4.6,138,Inconsistent Growth,0.625,4845,hsv,91.2
4.6,138,Lush Green,0.58,4862,hsv,91.2
4.6,138,Lush Green,0.55,18647,hsv,91.2
4.6,138,Lush Green,0.55,17759,hsv,91.2
4.6,138,Lush Green,0.55,11061,hsv,91.2
4.6,138,Lush Green,0.55,4747,hsv,91.2
4.6,138,Inconsistent Growth,0.55,20577,hsv,91.2
4.6,138,Inconsistent Growth,0.55,6914,hsv,91.2
4.7,141,Lush Green,0.979,8483,onnx,90.2
4.7,141,Lush Green,0.962,32797,hsv,90.2
4.7,141,Drought / Severe Stress,0.803,4869,hsv,90.2
4.7,141,Inconsistent Growth,0.583,24065,hsv,90.2
4.7,141,Lush Green,0.573,63087,hsv,90.2
4.7,141,Lush Green,0.564,4587,hsv,90.2
4.7,141,Lush Green,0.562,9247,hsv,90.2
4.7,141,Inconsistent Growth,0.562,6358,hsv,90.2
4.7,141,Lush Green,0.55,17023,hsv,90.2
4.7,141,Inconsistent Growth,0.55,7766,hsv,90.2
4.8,144,Lush Green,0.944,35322,hsv,89.4
4.8,144,Lush Green,0.895,8416,onnx,89.4
4.8,144,Lush Green,0.77,83749,hsv,89.4
4.8,144,Inconsistent Growth,0.701,9821,onnx,89.4
4.8,144,Drought / Severe Stress,0.7,5641,hsv,89.4
4.8,144,Lush Green,0.586,4541,hsv,89.4
4.8,144,Inconsistent Growth,0.551,30384,hsv,89.4
4.8,144,Lush Green,0.55,7920,hsv,89.4
4.9,147,Lush Green,0.92,40679,hsv,88.5
4.9,147,Drought / Severe Stress,0.731,6872,hsv,88.5
4.9,147,Inconsistent Growth,0.692,33263,hsv,88.5
4.9,147,Lush Green,0.606,4545,hsv,88.5
4.9,147,Lush Green,0.591,81429,hsv,88.5
4.9,147,Lush Green,0.582,7799,hsv,88.5
4.9,147,Inconsistent Growth,0.55,9325,hsv,88.5
5.0,150,Lush Green,0.916,44562,hsv,87.6
5.0,150,Drought / Severe Stress,0.771,6847,hsv,87.6
5.0,150,Lush Green,0.665,77797,onnx,87.6
5.0,150,Inconsistent Growth,0.633,35439,hsv,87.6
5.0,150,Lush Green,0.632,4412,hsv,87.6
5.0,150,Lush Green,0.55,9379,hsv,87.6
5.0,150,Lush Green,0.55,7331,hsv,87.6
5.0,150,Inconsistent Growth,0.55,9835,hsv,87.6
5.0,150,Inconsistent Growth,0.55,6808,hsv,87.6
5.1,153,Lush Green,0.992,73531,onnx,87.0
5.1,153,Lush Green,0.979,45902,hsv,87.0
5.1,153,Drought / Severe Stress,0.729,7305,hsv,87.0
5.1,153,Lush Green,0.685,6831,hsv,87.0
5.1,153,Lush Green,0.596,4419,hsv,87.0
5.1,153,Inconsistent Growth,0.574,9014,hsv,87.0
5.1,153,Lush Green,0.55,8970,hsv,87.0
5.1,153,Inconsistent Growth,0.55,39852,hsv,87.0
5.2,156,Lush Green,0.983,35879,hsv,85.6
5.2,156,Lush Green,0.929,54027,onnx,85.6
5.2,156,Drought / Severe Stress,0.893,8598,hsv,85.6
5.2,156,Inconsistent Growth,0.637,43541,hsv,85.6
5.2,156,Lush Green,0.55,13955,hsv,85.6
5.2,156,Lush Green,0.55,9066,hsv,85.6
5.2,156,Lush Green,0.55,7405,hsv,85.6
5.2,156,Lush Green,0.55,6445,hsv,85.6
5.2,156,Lush Green,0.55,4301,hsv,85.6
5.2,156,Inconsistent Growth,0.55,12846,hsv,85.6
5.2,156,Inconsistent Growth,0.55,5049,hsv,85.6
5.3,159,Lush Green,0.993,36902,hsv,85.0
5.3,159,Lush Green,0.964,71546,onnx,85.0
5.3,159,Lush Green,0.857,6064,onnx,85.0
5.3,159,Drought / Severe Stress,0.757,7846,hsv,85.0
5.3,159,Inconsistent Growth,0.597,45217,hsv,85.0
5.3,159,Lush Green,0.557,7956,hsv,85.0
5.3,159,Lush Green,0.55,6346,hsv,85.0
5.3,159,Lush Green,0.55,4349,hsv,85.0
5.3,159,Inconsistent Growth,0.55,9590,hsv,85.0
5.3,159,Inconsistent Growth,0.55,4338,hsv,85.0
5.4,162,Lush Green,0.964,68744,onnx,84.1
5.4,162,Lush Green,0.959,43167,hsv,84.1
5.4,162,Lush Green,0.887,5795,onnx,84.1
5.4,162,Drought / Severe Stress,0.79,8834,hsv,84.1
5.4,162,Lush Green,0.588,6199,hsv,84.1
5.4,162,Inconsistent Growth,0.564,9806,hsv,84.1
5.4,162,Lush Green,0.55,4249,hsv,84.1
5.4,162,Inconsistent Growth,0.55,48249,hsv,84.1
5.4,162,Inconsistent Growth,0.55,5449,hsv,84.1
5.5,165,Lush Green,0.919,5623,onnx,83.5
5.5,165,Drought / Severe Stress,0.856,8150,hsv,83.5
5.5,165,Lush Green,0.827,42054,hsv,83.5
5.5,165,Lush Green,0.799,54980,onnx,83.5
5.5,165,Lush Green,0.701,4291,hsv,83.5
5.5,165,Lush Green,0.631,10949,hsv,83.5
5.5,165,Inconsistent Growth,0.586,11434,hsv,83.5
5.5,165,Lush Green,0.568,5860,hsv,83.5
5.5,165,Inconsistent Growth,0.55,46612,hsv,83.5
5.5,165,Inconsistent Growth,0.55,4557,hsv,83.5
5.6,168,Lush Green,1.0,35880,hsv,82.9
5.6,168,Lush Green,0.98,56749,onnx,82.9
5.6,168,Lush Green,0.925,5312,onnx,82.9
5.6,168,Drought / Severe Stress,0.744,8459,hsv,82.9
5.6,168,Lush Green,0.63,4198,hsv,82.9
5.6,168,Inconsistent Growth,0.555,52660,hsv,82.9
5.6,168,Lush Green,0.55,9354,hsv,82.9
5.6,168,Lush Green,0.55,5669,hsv,82.9
5.6,168,Inconsistent Growth,0.55,9566,hsv,82.9
5.7,171,Lush Green,1.0,35813,hsv,82.9
5.7,171,Lush Green,0.999,78908,onnx,82.9
5.7,171,Lush Green,0.955,5155,onnx,82.9
5.7,171,Drought / Severe Stress,0.825,7594,hsv,82.9
5.7,171,Inconsistent Growth,0.566,52226,hsv,82.9
5.7,171,Inconsistent Growth,0.565,10423,hsv,82.9
5.7,171,Lush Green,0.55,5742,hsv,82.9
5.7,171,Lush Green,0.55,4204,hsv,82.9
5.8,174,Lush Green,1.0,87266,onnx,82.8
5.8,174,Lush Green,1.0,40309,hsv,82.8
5.8,174,Lush Green,0.965,5098,onnx,82.8
5.8,174,Drought / Severe Stress,0.881,7025,hsv,82.8
5.8,174,Inconsistent Growth,0.756,40805,hsv,82.8
5.8,174,Inconsistent Growth,0.588,6331,hsv,82.8
5.8,174,Drought / Severe Stress,0.559,7660,hsv,82.8
5.8,174,Lush Green,0.55,5491,hsv,82.8
5.8,174,Drought / Severe Stress,0.55,5067,hsv,82.8
5.9,177,Lush Green,1.0,85890,onnx,82.6
5.9,177,Lush Green,1.0,40321,hsv,82.6
5.9,177,Lush Green,0.96,4892,onnx,82.6
5.9,177,Inconsistent Growth,0.909,13430,hsv,82.6
5.9,177,Inconsistent Growth,0.746,23082,hsv,82.6
5.9,177,Drought / Severe Stress,0.729,7938,hsv,82.6
5.9,177,Drought / Severe Stress,0.565,4709,hsv,82.6
5.9,177,Lush Green,0.55,5509,hsv,82.6
5.9,177,Inconsistent Growth,0.55,7665,hsv,82.6
5.9,177,Drought / Severe Stress,0.55,8692,hsv,82.6
6.0,180,Lush Green,1.0,82967,onnx,81.8
6.0,180,Lush Green,0.987,40433,hsv,81.8
6.0,180,Lush Green,0.96,4629,onnx,81.8
6.0,180,Inconsistent Growth,0.84,37390,hsv,81.8
6.0,180,Drought / Severe Stress,0.647,8905,hsv,81.8
6.0,180,Drought / Severe Stress,0.611,6964,hsv,81.8
6.0,180,Lush Green,0.55,5231,hsv,81.8
6.0,180,Inconsistent Growth,0.55,9773,hsv,81.8
6.0,180,Drought / Severe Stress,0.55,9482,hsv,81.8
6.1,183,Lush Green,1.0,78945,onnx,80.4
6.1,183,Lush Green,0.999,40146,hsv,80.4
6.1,183,Lush Green,0.935,4482,onnx,80.4
6.1,183,Inconsistent Growth,0.89,13530,hsv,80.4
6.1,183,Inconsistent Growth,0.825,16740,hsv,80.4
6.1,183,Inconsistent Growth,0.58,5186,hsv,80.4
6.1,183,Lush Green,0.55,5262,hsv,80.4
6.1,183,Drought / Severe Stress,0.55,21593,hsv,80.4
6.1,183,Drought / Severe Stress,0.55,6733,hsv,80.4
6.1,183,Drought / Severe Stress,0.55,5940,hsv,80.4
6.1,183,Inconsistent Growth,0.55,10576,hsv,80.4
6.2,186,Lush Green,1.0,77214,onnx,79.0
6.2,186,Lush Green,0.999,38401,hsv,79.0
6.2,186,Lush Green,0.922,4165,onnx,79.0
6.2,186,Inconsistent Growth,0.896,12785,hsv,79.0
6.2,186,Inconsistent Growth,0.796,17552,hsv,79.0
6.2,186,Drought / Severe Stress,0.617,24399,hsv,79.0
6.2,186,Inconsistent Growth,0.593,4433,hsv,79.0
6.2,186,Drought / Severe Stress,0.585,6801,hsv,79.0
6.2,186,Lush Green,0.55,5151,hsv,79.0
6.2,186,Drought / Severe Stress,0.55,4550,hsv,79.0
6.2,186,Inconsistent Growth,0.55,12701,hsv,79.0
6.2,186,Inconsistent Growth,0.55,5122,hsv,79.0
6.3,189,Lush Green,1.0,57778,onnx,78.0
6.3,189,Lush Green,0.999,38799,hsv,78.0
6.3,189,Lush Green,0.936,21471,hsv,78.0
6.3,189,Inconsistent Growth,0.888,8872,hsv,78.0
6.3,189,Inconsistent Growth,0.716,19296,hsv,78.0
6.3,189,Inconsistent Growth,0.617,4297,hsv,78.0
6.3,189,Lush Green,0.55,4909,hsv,78.0
6.3,189,Drought / Severe Stress,0.55,30096,hsv,78.0
6.3,189,Drought / Severe Stress,0.55,7363,hsv,78.0
6.3,189,Inconsistent Growth,0.55,10698,hsv,78.0
6.3,189,Inconsistent Growth,0.55,4324,hsv,78.0
6.4,192,Lush Green,0.992,88825,onnx,78.6
6.4,192,Lush Green,0.941,39851,hsv,78.6
6.4,192,Inconsistent Growth,0.764,5631,hsv,78.6
6.4,192,Drought / Severe Stress,0.608,5154,hsv,78.6
6.4,192,Drought / Severe Stress,0.601,4933,hsv,78.6
6.4,192,Inconsistent Growth,0.587,5634,hsv,78.6
6.4,192,Lush Green,0.55,5241,hsv,78.6
6.4,192,Inconsistent Growth,0.55,29562,hsv,78.6
6.4,192,Drought / Severe Stress,0.55,21090,hsv,78.6
6.5,195,Lush Green,0.984,91906,onnx,79.0
6.5,195,Lush Green,0.937,39104,hsv,79.0
6.5,195,Inconsistent Growth,0.881,8090,hsv,79.0
6.5,195,Drought / Severe Stress,0.589,5181,hsv,79.0
6.5,195,Lush Green,0.55,5008,hsv,79.0
6.5,195,Inconsistent Growth,0.55,31160,hsv,79.0
6.5,195,Drought / Severe Stress,0.55,21796,hsv,79.0
6.5,195,Drought / Severe Stress,0.55,5336,hsv,79.0
6.6,198,Lush Green,0.995,93959,onnx,79.2
6.6,198,Lush Green,0.869,38116,hsv,79.2
6.6,198,Inconsistent Growth,0.828,25527,hsv,79.2
6.6,198,Inconsistent Growth,0.808,6775,hsv,79.2
6.6,198,Drought / Severe Stress,0.687,4963,hsv,79.2
6.6,198,Drought / Severe Stress,0.624,23785,hsv,79.2
6.6,198,Inconsistent Growth,0.59,5723,hsv,79.2
6.6,198,Lush Green,0.55,4776,hsv,79.2
6.6,198,Drought / Severe Stress,0.55,5165,hsv,79.2
6.7,201,Lush Green,0.999,100008,onnx,80.0
6.7,201,Lush Green,0.974,37596,hsv,80.0
6.7,201,Inconsistent Growth,0.877,27160,hsv,80.0
6.7,201,Drought / Severe Stress,0.838,4411,hsv,80.0
6.7,201,Inconsistent Growth,0.649,4962,hsv,80.0
6.7,201,Lush Green,0.55,4931,hsv,80.0
6.7,201,Drought / Severe Stress,0.55,21945,hsv,80.0
6.7,201,Drought / Severe Stress,0.55,5904,hsv,80.0
6.8,204,Lush Green,1.0,107662,onnx,79.4
6.8,204,Lush Green,0.944,36709,hsv,79.4
6.8,204,Inconsistent Growth,0.913,16680,hsv,79.4
6.8,204,Inconsistent Growth,0.912,8771,hsv,79.4
6.8,204,Inconsistent Growth,0.629,4381,hsv,79.4
6.8,204,Drought / Severe Stress,0.572,43456,hsv,79.4
6.8,204,Lush Green,0.55,5058,hsv,79.4
6.8,204,Drought / Severe Stress,0.55,4449,hsv,79.4
6.9,207,Lush Green,1.0,108817,onnx,78.8
6.9,207,Lush Green,0.964,34807,hsv,78.8
6.9,207,Inconsistent Growth,0.826,11967,hsv,78.8
6.9,207,Lush Green,0.55,4954,hsv,78.8
6.9,207,Drought / Severe Stress,0.55,46472,hsv,78.8
6.9,207,Drought / Severe Stress,0.55,4795,hsv,78.8
6.9,207,Inconsistent Growth,0.55,7925,hsv,78.8
6.9,207,Inconsistent Growth,0.55,5735,hsv,78.8
7.0,210,Lush Green,1.0,107285,onnx,78.4
7.0,210,Lush Green,0.988,33599,hsv,78.4
7.0,210,Inconsistent Growth,0.804,11486,hsv,78.4
7.0,210,Lush Green,0.795,5123,hsv,78.4
7.0,210,Inconsistent Growth,0.586,7259,hsv,78.4
7.0,210,Drought / Severe Stress,0.575,4311,hsv,78.4
7.0,210,Lush Green,0.55,4745,hsv,78.4
7.0,210,Drought / Severe Stress,0.55,49387,hsv,78.4
7.0,210,Inconsistent Growth,0.55,6400,hsv,78.4
7.1,213,Lush Green,1.0,106265,onnx,78.6
7.1,213,Lush Green,0.998,33197,hsv,78.6
7.1,213,Inconsistent Growth,0.876,7388,hsv,78.6
7.1,213,Lush Green,0.796,5840,hsv,78.6
7.1,213,Lush Green,0.55,4565,hsv,78.6
7.1,213,Drought / Severe Stress,0.55,48071,hsv,78.6
7.1,213,Inconsistent Growth,0.55,7526,hsv,78.6
7.1,213,Inconsistent Growth,0.55,7336,hsv,78.6
7.2,216,Lush Green,1.0,115758,onnx,78.9
7.2,216,Lush Green,0.951,31455,hsv,78.9
7.2,216,Inconsistent Growth,0.913,16297,hsv,78.9
7.2,216,Inconsistent Growth,0.908,13398,hsv,78.9
7.2,216,Inconsistent Growth,0.745,4879,hsv,78.9
7.2,216,Drought / Severe Stress,0.597,36821,hsv,78.9
7.2,216,Lush Green,0.579,4501,hsv,78.9
7.2,216,Drought / Severe Stress,0.55,4774,hsv,78.9
7.3,219,Lush Green,0.999,114044,onnx,78.6
7.3,219,Inconsistent Growth,0.879,13623,hsv,78.6
7.3,219,Lush Green,0.865,31896,hsv,78.6
7.3,219,Inconsistent Growth,0.857,17628,hsv,78.6
7.3,219,Drought / Severe Stress,0.749,5125,hsv,78.6
7.3,219,Inconsistent Growth,0.732,4443,hsv,78.6
7.3,219,Lush Green,0.55,4250,hsv,78.6
7.3,219,Drought / Severe Stress,0.55,41605,hsv,78.6
7.4,222,Lush Green,0.993,114994,onnx,78.4
7.4,222,Inconsistent Growth,0.908,12679,hsv,78.4
7.4,222,Lush Green,0.906,32006,hsv,78.4
7.4,222,Inconsistent Growth,0.839,17580,hsv,78.4
7.4,222,Drought / Severe Stress,0.739,5273,hsv,78.4
7.4,222,Inconsistent Growth,0.655,4235,hsv,78.4
7.4,222,Lush Green,0.55,4364,hsv,78.4
7.4,222,Drought / Severe Stress,0.55,42557,hsv,78.4
7.5,225,Lush Green,1.0,115656,onnx,78.0
7.5,225,Lush Green,0.914,32549,hsv,78.0
7.5,225,Inconsistent Growth,0.902,12503,hsv,78.0
7.5,225,Inconsistent Growth,0.747,19011,hsv,78.0
7.5,225,Drought / Severe Stress,0.659,4572,hsv,78.0
7.5,225,Lush Green,0.55,4147,hsv,78.0
7.5,225,Drought / Severe Stress,0.55,43857,hsv,78.0
7.5,225,Drought / Severe Stress,0.55,4767,hsv,78.0
7.6,228,Lush Green,1.0,109724,onnx,77.1
7.6,228,Drought / Severe Stress,0.905,8920,hsv,77.1
7.6,228,Inconsistent Growth,0.766,20650,hsv,77.1
7.6,228,Lush Green,0.659,37110,hsv,77.1
7.6,228,Inconsistent Growth,0.65,11503,hsv,77.1
7.6,228,Drought / Severe Stress,0.573,5042,hsv,77.1
7.6,228,Lush Green,0.55,4689,hsv,77.1
7.6,228,Drought / Severe Stress,0.55,46108,hsv,77.1
7.7,231,Lush Green,1.0,107310,onnx,75.8
7.7,231,Lush Green,0.953,33610,hsv,75.8
7.7,231,Inconsistent Growth,0.806,12984,hsv,75.8
7.7,231,Inconsistent Growth,0.642,6436,hsv,75.8
7.7,231,Drought / Severe Stress,0.559,71025,hsv,75.8
7.7,231,Lush Green,0.55,4984,hsv,75.8
7.7,231,Inconsistent Growth,0.55,5871,hsv,75.8
7.8,234,Lush Green,1.0,109955,onnx,78.2
7.8,234,Lush Green,0.961,36149,hsv,78.2
7.8,234,Inconsistent Growth,0.916,13552,hsv,78.2
7.8,234,Inconsistent Growth,0.699,82356,onnx,78.2
7.8,234,Lush Green,0.55,5817,hsv,78.2
7.9,237,Lush Green,1.0,110492,onnx,76.4
7.9,237,Lush Green,0.969,37620,hsv,76.4
7.9,237,Inconsistent Growth,0.938,13266,hsv,76.4
7.9,237,Drought / Severe Stress,0.724,6685,hsv,76.4
7.9,237,Lush Green,0.55,6149,hsv,76.4
7.9,237,Drought / Severe Stress,0.55,73953,hsv,76.4
8.0,240,Lush Green,1.0,104766,onnx,74.9
8.0,240,Lush Green,0.964,37696,hsv,74.9
8.0,240,Inconsistent Growth,0.784,14029,hsv,74.9
8.0,240,Inconsistent Growth,0.753,4788,hsv,74.9
8.0,240,Drought / Severe Stress,0.656,6364,hsv,74.9
8.0,240,Lush Green,0.55,6194,hsv,74.9
8.0,240,Drought / Severe Stress,0.55,73318,hsv,74.9
8.0,240,Inconsistent Growth,0.55,4927,hsv,74.9
8.1,243,Lush Green,0.989,91782,onnx,73.9
8.1,243,Lush Green,0.96,38571,hsv,73.9
8.1,243,Inconsistent Growth,0.901,14589,hsv,73.9
8.1,243,Inconsistent Growth,0.699,5081,hsv,73.9
8.1,243,Lush Green,0.58,10192,hsv,73.9
8.1,243,Lush Green,0.55,6624,hsv,73.9
8.1,243,Drought / Severe Stress,0.55,74928,hsv,73.9
8.1,243,Drought / Severe Stress,0.55,4376,hsv,73.9
8.1,243,Inconsistent Growth,0.55,4954,hsv,73.9
8.2,246,Lush Green,0.988,38587,hsv,72.8
8.2,246,Lush Green,0.959,88388,onnx,72.8
8.2,246,Inconsistent Growth,0.914,14258,hsv,72.8
8.2,246,Inconsistent Growth,0.681,4308,hsv,72.8
8.2,246,Lush Green,0.65,11402,hsv,72.8
8.2,246,Drought / Severe Stress,0.568,6116,hsv,72.8
8.2,246,Lush Green,0.55,6654,hsv,72.8
8.2,246,Drought / Severe Stress,0.55,77376,hsv,72.8
8.2,246,Inconsistent Growth,0.55,5439,hsv,72.8
8.3,249,Lush Green,1.0,86470,onnx,72.1
8.3,249,Lush Green,0.965,45581,hsv,72.1
8.3,249,Inconsistent Growth,0.935,13662,hsv,72.1
8.3,249,Lush Green,0.832,12981,hsv,72.1
8.3,249,Drought / Severe Stress,0.623,5469,hsv,72.1
8.3,249,Inconsistent Growth,0.604,4326,hsv,72.1
8.3,249,Drought / Severe Stress,0.55,78770,hsv,72.1
8.3,249,Inconsistent Growth,0.55,5065,hsv,72.1
8.4,252,Lush Green,1.0,83460,onnx,71.6
8.4,252,Lush Green,0.969,48336,hsv,71.6
8.4,252,Inconsistent Growth,0.911,14772,hsv,71.6
8.4,252,Inconsistent Growth,0.69,5505,hsv,71.6
8.4,252,Lush Green,0.599,13623,hsv,71.6
8.4,252,Drought / Severe Stress,0.55,84353,hsv,71.6
8.4,252,Inconsistent Growth,0.55,5327,hsv,71.6
8.5,255,Lush Green,1.0,82972,onnx,70.8
8.5,255,Lush Green,0.97,40842,hsv,70.8
8.5,255,Inconsistent Growth,0.866,14590,hsv,70.8
8.5,255,Inconsistent Growth,0.661,5454,hsv,70.8
8.5,255,Drought / Severe Stress,0.578,4181,hsv,70.8
8.5,255,Inconsistent Growth,0.575,5508,hsv,70.8
8.5,255,Drought / Severe Stress,0.55,86622,hsv,70.8
8.5,255,Lush Green,0.55,14506,hsv,70.8
8.5,255,Lush Green,0.55,7255,hsv,70.8
8.5,255,Inconsistent Growth,0.55,4290,hsv,70.8
8.6,258,Lush Green,1.0,80482,onnx,70.2
8.6,258,Lush Green,0.979,40320,hsv,70.2
8.6,258,Inconsistent Growth,0.885,13712,hsv,70.2
8.6,258,Lush Green,0.613,15256,hsv,70.2
8.6,258,Drought / Severe Stress,0.55,93977,hsv,70.2
8.6,258,Lush Green,0.55,7721,hsv,70.2
8.6,258,Inconsistent Growth,0.55,4890,hsv,70.2
8.6,258,Inconsistent Growth,0.55,4707,hsv,70.2
8.7,261,Lush Green,1.0,80707,onnx,70.1
8.7,261,Lush Green,0.85,48251,hsv,70.1
8.7,261,Inconsistent Growth,0.812,13438,hsv,70.1
8.7,261,Inconsistent Growth,0.649,5316,hsv,70.1
8.7,261,Inconsistent Growth,0.563,5012,hsv,70.1
8.7,261,Drought / Severe Stress,0.55,89171,hsv,70.1
8.7,261,Lush Green,0.55,15854,hsv,70.1
8.8,264,Lush Green,1.0,98645,onnx,69.7
8.8,264,Lush Green,0.865,50396,hsv,69.7
8.8,264,Inconsistent Growth,0.834,12428,hsv,69.7
8.8,264,Inconsistent Growth,0.605,5372,hsv,69.7
8.8,264,Drought / Severe Stress,0.55,97028,hsv,69.7
8.8,264,Inconsistent Growth,0.55,5165,hsv,69.7
8.9,267,Lush Green,1.0,95652,onnx,69.8
8.9,267,Lush Green,0.928,51930,hsv,69.8
8.9,267,Inconsistent Growth,0.922,18041,hsv,69.8
8.9,267,Drought / Severe Stress,0.55,90830,hsv,69.8
8.9,267,Inconsistent Growth,0.55,5612,hsv,69.8
9.0,270,Lush Green,1.0,92232,onnx,69.5
9.0,270,Lush Green,0.909,44247,hsv,69.5
9.0,270,Inconsistent Growth,0.886,16903,hsv,69.5
9.0,270,Lush Green,0.643,7897,hsv,69.5
9.0,270,Drought / Severe Stress,0.55,94408,hsv,69.5
9.0,270,Inconsistent Growth,0.55,5810,hsv,69.5
9.1,273,Lush Green,0.924,87002,onnx,69.3
9.1,273,Inconsistent Growth,0.882,16267,hsv,69.3
9.1,273,Lush Green,0.7,55446,hsv,69.3
9.1,273,Drought / Severe Stress,0.636,93593,hsv,69.3
9.1,273,Inconsistent Growth,0.55,5996,hsv,69.3
9.2,276,Lush Green,0.979,84391,onnx,69.0
9.2,276,Lush Green,0.958,49670,hsv,69.0
9.2,276,Inconsistent Growth,0.855,15857,hsv,69.0
9.2,276,Inconsistent Growth,0.557,5564,hsv,69.0
9.2,276,Drought / Severe Stress,0.55,96664,hsv,69.0
9.2,276,Lush Green,0.55,8449,hsv,69.0
9.3,279,Lush Green,1.0,61791,onnx,68.8
9.3,279,Lush Green,1.0,20260,onnx,68.8
9.3,279,Lush Green,0.886,51114,hsv,68.8
9.3,279,Inconsistent Growth,0.854,15647,hsv,68.8
9.3,279,Inconsistent Growth,0.77,6390,hsv,68.8
9.3,279,Drought / Severe Stress,0.7,94315,hsv,68.8
9.3,279,Lush Green,0.58,8238,hsv,68.8
9.3,279,Inconsistent Growth,0.55,6129,hsv,68.8
9.4,282,Lush Green,1.0,60613,onnx,68.5
9.4,282,Lush Green,0.856,49906,hsv,68.5
9.4,282,Lush Green,0.833,21323,onnx,68.5
9.4,282,Inconsistent Growth,0.795,14214,hsv,68.5
9.4,282,Lush Green,0.597,8654,hsv,68.5
9.4,282,Inconsistent Growth,0.592,6227,hsv,68.5
9.4,282,Drought / Severe Stress,0.55,97137,hsv,68.5
9.4,282,Inconsistent Growth,0.55,6204,hsv,68.5
9.5,285,Lush Green,1.0,57442,onnx,68.0
9.5,285,Lush Green,1.0,20694,onnx,68.0
9.5,285,Lush Green,0.739,8190,onnx,68.0
9.5,285,Inconsistent Growth,0.71,13981,hsv,68.0
9.5,285,Drought / Severe Stress,0.65,99908,hsv,68.0
9.5,285,Lush Green,0.641,51334,hsv,68.0
9.5,285,Inconsistent Growth,0.557,6490,hsv,68.0
9.5,285,Inconsistent Growth,0.55,6802,hsv,68.0
9.6,288,Lush Green,1.0,55699,onnx,67.4
9.6,288,Lush Green,1.0,20228,onnx,67.4
9.6,288,Inconsistent Growth,0.744,12921,hsv,67.4
9.6,288,Lush Green,0.723,59242,onnx,67.4
9.6,288,Inconsistent Growth,0.632,6202,hsv,67.4
9.6,288,Drought / Severe Stress,0.585,103003,hsv,67.4
9.6,288,Inconsistent Growth,0.55,6631,hsv,67.4
9.7,291,Lush Green,1.0,51414,onnx,67.1
9.7,291,Lush Green,0.893,19472,onnx,67.1
9.7,291,Inconsistent Growth,0.868,12144,hsv,67.1
9.7,291,Lush Green,0.731,64270,hsv,67.1
9.7,291,Drought / Severe Stress,0.662,102321,hsv,67.1
9.7,291,Inconsistent Growth,0.624,6798,hsv,67.1
9.7,291,Inconsistent Growth,0.55,7760,hsv,67.1
9.8,294,Lush Green,0.947,67998,onnx,67.2
9.8,294,Lush Green,0.941,9921,onnx,67.2
9.8,294,Lush Green,0.852,8080,onnx,67.2
9.8,294,Inconsistent Growth,0.778,6992,hsv,67.2
9.8,294,Inconsistent Growth,0.745,11517,hsv,67.2
9.8,294,Drought / Severe Stress,0.699,103988,hsv,67.2
9.8,294,Lush Green,0.55,58153,hsv,67.2
9.8,294,Inconsistent Growth,0.55,5372,hsv,67.2
9.9,297,Inconsistent Growth,0.851,10634,hsv,67.2
9.9,297,Lush Green,0.838,7710,onnx,67.2
9.9,297,Lush Green,0.831,69526,onnx,67.2
9.9,297,Drought / Severe Stress,0.746,105218,hsv,67.2
9.9,297,Lush Green,0.716,7913,onnx,67.2
9.9,297,Lush Green,0.55,57357,hsv,67.2
9.9,297,Inconsistent Growth,0.55,5919,hsv,67.2
10.0,300,Lush Green,0.997,66046,onnx,67.0
10.0,300,Lush Green,0.842,7708,onnx,67.0
10.0,300,Inconsistent Growth,0.835,9941,hsv,67.0
10.0,300,Drought / Severe Stress,0.83,107958,hsv,67.0
10.0,300,Lush Green,0.681,7420,onnx,67.0
10.0,300,Lush Green,0.669,57856,hsv,67.0
10.0,300,Inconsistent Growth,0.592,5325,hsv,67.0
10.1,303,Lush Green,0.926,62959,onnx,66.8
10.1,303,Lush Green,0.868,7862,onnx,66.8
10.1,303,Lush Green,0.861,7399,onnx,66.8
10.1,303,Drought / Severe Stress,0.843,105893,hsv,66.8
10.1,303,Inconsistent Growth,0.761,9473,hsv,66.8
10.1,303,Inconsistent Growth,0.708,7089,hsv,66.8
10.1,303,Lush Green,0.55,58264,hsv,66.8
10.2,306,Lush Green,0.913,8080,onnx,66.6
10.2,306,Lush Green,0.801,7052,onnx,66.6
10.2,306,Drought / Severe Stress,0.785,109608,hsv,66.6
10.2,306,Inconsistent Growth,0.777,6576,hsv,66.6
10.2,306,Lush Green,0.74,60040,hsv,66.6
10.2,306,Inconsistent Growth,0.72,8547,hsv,66.6
10.2,306,Lush Green,0.718,62796,onnx,66.6
10.3,309,Lush Green,0.997,64960,onnx,66.8
10.3,309,Lush Green,0.956,7825,onnx,66.8
10.3,309,Drought / Severe Stress,0.877,98133,hsv,66.8
10.3,309,Lush Green,0.805,7454,onnx,66.8
10.3,309,Lush Green,0.567,54278,hsv,66.8
10.3,309,Inconsistent Growth,0.55,18594,hsv,66.8
10.4,312,Lush Green,1.0,62449,onnx,66.8
10.4,312,Lush Green,0.949,7711,onnx,66.8
10.4,312,Drought / Severe Stress,0.825,100564,hsv,66.8
10.4,312,Inconsistent Growth,0.768,17392,hsv,66.8
10.4,312,Lush Green,0.736,7447,onnx,66.8
10.4,312,Lush Green,0.705,57476,onnx,66.8
10.4,312,Inconsistent Growth,0.55,5974,hsv,66.8
10.5,315,Lush Green,1.0,63870,onnx,66.9
10.5,315,Lush Green,0.865,5388,onnx,66.9
10.5,315,Lush Green,0.859,7274,onnx,66.9
10.5,315,Drought / Severe Stress,0.763,100415,hsv,66.9
10.5,315,Lush Green,0.55,56957,hsv,66.9
10.5,315,Inconsistent Growth,0.55,18139,hsv,66.9
10.6,318,Lush Green,1.0,61070,onnx,66.6
10.6,318,Lush Green,0.911,6662,onnx,66.6
10.6,318,Lush Green,0.893,8190,onnx,66.6
10.6,318,Drought / Severe Stress,0.868,98123,hsv,66.6
10.6,318,Lush Green,0.76,55993,onnx,66.6
10.6,318,Drought / Severe Stress,0.711,4184,hsv,66.6
10.6,318,Inconsistent Growth,0.626,17307,hsv,66.6
10.6,318,Inconsistent Growth,0.55,4222,hsv,66.6
10.7,321,Lush Green,1.0,59054,onnx,66.4
10.7,321,Drought / Severe Stress,0.913,98466,hsv,66.4
10.7,321,Lush Green,0.834,6834,onnx,66.4
10.7,321,Inconsistent Growth,0.821,15788,hsv,66.4
10.7,321,Lush Green,0.758,7088,onnx,66.4
10.7,321,Lush Green,0.65,55827,hsv,66.4
10.7,321,Drought / Severe Stress,0.642,4406,hsv,66.4
10.8,324,Lush Green,1.0,63955,onnx,66.6
10.8,324,Lush Green,1.0,8203,onnx,66.6
10.8,324,Inconsistent Growth,0.886,14245,hsv,66.6
10.8,324,Drought / Severe Stress,0.855,101313,hsv,66.6
10.8,324,Lush Green,0.794,7286,onnx,66.6
10.8,324,Lush Green,0.569,55399,hsv,66.6
10.9,327,Lush Green,1.0,63197,onnx,66.5
10.9,327,Lush Green,0.963,7149,onnx,66.5
10.9,327,Lush Green,0.844,7990,onnx,66.5
10.9,327,Drought / Severe Stress,0.841,103920,hsv,66.5
10.9,327,Inconsistent Growth,0.604,8714,hsv,66.5
10.9,327,Lush Green,0.55,53298,hsv,66.5
10.9,327,Inconsistent Growth,0.55,5578,hsv,66.5
11.0,330,Lush Green,0.992,61386,onnx,66.1
11.0,330,Lush Green,0.964,54175,onnx,66.1
11.0,330,Lush Green,0.891,7487,onnx,66.1
11.0,330,Drought / Severe Stress,0.83,105868,hsv,66.1
11.0,330,Lush Green,0.806,7373,onnx,66.1
11.0,330,Inconsistent Growth,0.794,14385,hsv,66.1
11.0,330,Inconsistent Growth,0.55,8546,hsv,66.1
11.1,333,Lush Green,1.0,60222,onnx,65.5
11.1,333,Lush Green,0.976,6852,onnx,65.5
11.1,333,Drought / Severe Stress,0.88,109528,hsv,65.5
11.1,333,Lush Green,0.88,6648,onnx,65.5
11.1,333,Lush Green,0.824,52354,onnx,65.5
11.1,333,Inconsistent Growth,0.689,5153,onnx,65.5
11.1,333,Inconsistent Growth,0.658,6264,onnx,65.5
11.1,333,Inconsistent Growth,0.55,5809,hsv,65.5
11.2,336,Lush Green,1.0,58408,onnx,65.0
11.2,336,Lush Green,0.929,51555,onnx,65.0
11.2,336,Drought / Severe Stress,0.869,109897,hsv,65.0
11.2,336,Lush Green,0.78,5737,onnx,65.0
11.2,336,Lush Green,0.766,6602,onnx,65.0
11.2,336,Inconsistent Growth,0.564,5339,hsv,65.0
11.2,336,Inconsistent Growth,0.559,5403,hsv,65.0
11.3,339,Lush Green,1.0,61719,onnx,65.1
11.3,339,Drought / Severe Stress,0.942,102483,hsv,65.1
11.3,339,Lush Green,0.91,56153,onnx,65.1
11.3,339,Lush Green,0.824,6840,onnx,65.1
11.3,339,Inconsistent Growth,0.75,14117,hsv,65.1
11.3,339,Inconsistent Growth,0.55,5122,hsv,65.1
11.4,342,Lush Green,1.0,57330,onnx,65.0
11.4,342,Drought / Severe Stress,0.939,105609,hsv,65.0
11.4,342,Lush Green,0.901,5350,onnx,65.0
11.4,342,Lush Green,0.864,56236,onnx,65.0
11.4,342,Inconsistent Growth,0.689,11725,hsv,65.0
11.4,342,Lush Green,0.55,4563,hsv,65.0
11.5,345,Lush Green,1.0,57364,onnx,64.2
11.5,345,Drought / Severe Stress,0.956,105143,hsv,64.2
11.5,345,Inconsistent Growth,0.734,11787,hsv,64.2
11.5,345,Lush Green,0.55,52155,hsv,64.2
11.5,345,Inconsistent Growth,0.55,4339,hsv,64.2
11.6,348,Lush Green,1.0,55534,onnx,63.5
11.6,348,Drought / Severe Stress,0.957,107675,hsv,63.5
11.6,348,Inconsistent Growth,0.665,11401,hsv,63.5
11.6,348,Lush Green,0.581,4670,hsv,63.5
11.6,348,Lush Green,0.55,47631,hsv,63.5
11.7,351,Drought / Severe Stress,0.973,105334,hsv,63.0
11.7,351,Lush Green,0.913,55744,onnx,63.0
11.7,351,Lush Green,0.837,44366,onnx,63.0
11.7,351,Inconsistent Growth,0.787,11004,hsv,63.0
11.7,351,Lush Green,0.55,4763,hsv,63.0
11.8,354,Lush Green,1.0,63081,onnx,63.2
11.8,354,Drought / Severe Stress,0.893,104422,hsv,63.2
11.8,354,Inconsistent Growth,0.81,11091,hsv,63.2
11.8,354,Lush Green,0.579,49459,hsv,63.2
11.9,357,Lush Green,0.99,63125,onnx,63.6
11.9,357,Drought / Severe Stress,0.924,99796,hsv,63.6
11.9,357,Inconsistent Growth,0.763,13082,hsv,63.6
11.9,357,Lush Green,0.708,46428,onnx,63.6
11.9,357,Lush Green,0.665,4163,hsv,63.6
12.0,360,Drought / Severe Stress,0.926,99636,hsv,63.7
12.0,360,Lush Green,0.894,45488,onnx,63.7
12.0,360,Lush Green,0.803,64207,onnx,63.7
12.0,360,Inconsistent Growth,0.785,12085,hsv,63.7
12.1,363,Lush Green,1.0,62190,onnx,63.7
12.1,363,Drought / Severe Stress,0.961,92170,hsv,63.7
12.1,363,Lush Green,0.95,45900,onnx,63.7
12.1,363,Drought / Severe Stress,0.792,4244,hsv,63.7
12.1,363,Inconsistent Growth,0.741,12639,hsv,63.7
12.1,363,Inconsistent Growth,0.55,4598,hsv,63.7
12.2,366,Lush Green,1.0,61545,onnx,64.1
12.2,366,Lush Green,0.957,44993,onnx,64.1
12.2,366,Drought / Severe Stress,0.954,89798,hsv,64.1
12.2,366,Inconsistent Growth,0.755,13063,hsv,64.1
12.2,366,Inconsistent Growth,0.55,6650,hsv,64.1
12.3,369,Lush Green,1.0,61351,onnx,64.3
12.3,369,Drought / Severe Stress,0.922,86220,hsv,64.3
12.3,369,Lush Green,0.874,44847,onnx,64.3
12.3,369,Drought / Severe Stress,0.858,4204,hsv,64.3
12.3,369,Inconsistent Growth,0.635,10838,hsv,64.3
12.3,369,Inconsistent Growth,0.577,6642,hsv,64.3
12.4,372,Lush Green,1.0,61039,onnx,65.2
12.4,372,Drought / Severe Stress,0.901,76375,hsv,65.2
12.4,372,Lush Green,0.861,45880,onnx,65.2
12.4,372,Inconsistent Growth,0.794,5751,hsv,65.2
12.4,372,Inconsistent Growth,0.661,8022,hsv,65.2
12.4,372,Inconsistent Growth,0.597,4212,hsv,65.2
12.4,372,Inconsistent Growth,0.55,8216,hsv,65.2
12.5,375,Lush Green,1.0,62228,onnx,65.5
12.5,375,Drought / Severe Stress,0.904,81265,hsv,65.5
12.5,375,Lush Green,0.835,41678,onnx,65.5
12.5,375,Inconsistent Growth,0.666,5643,hsv,65.5
12.5,375,Inconsistent Growth,0.634,7802,hsv,65.5
12.5,375,Inconsistent Growth,0.55,6424,hsv,65.5
12.6,378,Lush Green,1.0,62247,onnx,65.4
12.6,378,Drought / Severe Stress,0.935,81023,hsv,65.4
12.6,378,Inconsistent Growth,0.933,12232,hsv,65.4
12.6,378,Lush Green,0.899,41494,onnx,65.4
12.6,378,Inconsistent Growth,0.648,9683,hsv,65.4
12.6,378,Inconsistent Growth,0.593,8957,hsv,65.4
12.7,381,Lush Green,0.975,44577,onnx,65.5
12.7,381,Inconsistent Growth,0.95,12405,hsv,65.5
12.7,381,Drought / Severe Stress,0.942,78888,hsv,65.5
12.7,381,Lush Green,0.918,60849,onnx,65.5
12.7,381,Inconsistent Growth,0.706,7280,hsv,65.5
12.7,381,Inconsistent Growth,0.62,11367,hsv,65.5
12.7,381,Inconsistent Growth,0.571,7378,hsv,65.5
12.8,384,Lush Green,0.972,61171,onnx,66.5
12.8,384,Inconsistent Growth,0.899,12980,hsv,66.5
12.8,384,Drought / Severe Stress,0.886,69938,hsv,66.5
12.8,384,Lush Green,0.857,46180,onnx,66.5
12.8,384,Inconsistent Growth,0.614,10446,hsv,66.5
12.8,384,Inconsistent Growth,0.55,5549,hsv,66.5
12.9,387,Lush Green,1.0,59709,onnx,67.5
12.9,387,Lush Green,0.947,46233,onnx,67.5
12.9,387,Drought / Severe Stress,0.833,71086,hsv,67.5
12.9,387,Inconsistent Growth,0.801,10633,hsv,67.5
12.9,387,Inconsistent Growth,0.647,5922,hsv,67.5
12.9,387,Lush Green,0.579,4802,hsv,67.5
13.0,390,Lush Green,1.0,57449,onnx,68.3
13.0,390,Lush Green,0.988,48870,onnx,68.3
13.0,390,Inconsistent Growth,0.884,11210,hsv,68.3
13.0,390,Drought / Severe Stress,0.869,65243,hsv,68.3
13.0,390,Inconsistent Growth,0.794,13900,hsv,68.3
13.0,390,Inconsistent Growth,0.779,6225,hsv,68.3
13.0,390,Lush Green,0.55,4952,hsv,68.3
13.1,393,Lush Green,0.969,46248,onnx,69.0
13.1,393,Inconsistent Growth,0.951,9995,hsv,69.0
13.1,393,Lush Green,0.906,52957,onnx,69.0
13.1,393,Drought / Severe Stress,0.876,60561,hsv,69.0
13.1,393,Inconsistent Growth,0.836,13227,hsv,69.0
13.1,393,Lush Green,0.55,5353,hsv,69.0
13.2,396,Lush Green,0.958,44879,onnx,69.5
13.2,396,Inconsistent Growth,0.933,11037,hsv,69.5
13.2,396,Drought / Severe Stress,0.887,49703,hsv,69.5
13.2,396,Drought / Severe Stress,0.828,4938,hsv,69.5
13.2,396,Inconsistent Growth,0.824,18607,hsv,69.5
13.2,396,Lush Green,0.602,52779,hsv,69.5
13.2,396,Lush Green,0.598,4709,hsv,69.5
13.2,396,Inconsistent Growth,0.55,4282,hsv,69.5
13.3,399,Lush Green,0.995,42900,onnx,70.7
13.3,399,Inconsistent Growth,0.895,9955,hsv,70.7
13.3,399,Drought / Severe Stress,0.892,46145,hsv,70.7
13.3,399,Inconsistent Growth,0.867,18594,hsv,70.7
13.3,399,Lush Green,0.826,53120,onnx,70.7
13.3,399,Lush Green,0.617,4914,hsv,70.7
13.4,402,Inconsistent Growth,0.986,5104,hsv,71.1
13.4,402,Lush Green,0.949,39457,onnx,71.1
13.4,402,Inconsistent Growth,0.911,19032,hsv,71.1
13.4,402,Drought / Severe Stress,0.904,45806,hsv,71.1
13.4,402,Inconsistent Growth,0.881,8242,hsv,71.1
13.4,402,Lush Green,0.55,55128,hsv,71.1
13.5,405,Lush Green,0.954,55066,onnx,71.2
13.5,405,Lush Green,0.886,39391,onnx,71.2
13.5,405,Drought / Severe Stress,0.863,46946,hsv,71.2
13.5,405,Inconsistent Growth,0.86,20274,hsv,71.2
13.5,405,Inconsistent Growth,0.82,7646,hsv,71.2
13.5,405,Inconsistent Growth,0.55,4427,hsv,71.2
13.6,408,Lush Green,1.0,60274,onnx,72.0
13.6,408,Lush Green,0.916,37767,onnx,72.0
13.6,408,Drought / Severe Stress,0.886,41254,hsv,72.0
13.6,408,Inconsistent Growth,0.868,21603,hsv,72.0
13.6,408,Inconsistent Growth,0.55,4689,hsv,72.0
13.6,408,Inconsistent Growth,0.55,4325,hsv,72.0
13.7,411,Lush Green,0.93,36320,onnx,72.4
13.7,411,Inconsistent Growth,0.921,8474,hsv,72.4
13.7,411,Inconsistent Growth,0.91,19598,hsv,72.4
13.7,411,Drought / Severe Stress,0.888,38063,hsv,72.4
13.7,411,Lush Green,0.84,57272,onnx,72.4
13.7,411,Inconsistent Growth,0.835,5648,hsv,72.4
13.7,411,Inconsistent Growth,0.556,4319,hsv,72.4
13.8,414,Lush Green,0.945,37973,onnx,74.5
13.8,414,Lush Green,0.932,63206,onnx,74.5
13.8,414,Drought / Severe Stress,0.835,30379,hsv,74.5
13.8,414,Inconsistent Growth,0.793,5159,hsv,74.5
13.8,414,Inconsistent Growth,0.7,5785,hsv,74.5
13.8,414,Lush Green,0.55,4227,hsv,74.5
13.8,414,Inconsistent Growth,0.55,17173,hsv,74.5
13.9,417,Lush Green,1.0,61398,onnx,75.9
13.9,417,Inconsistent Growth,0.902,6329,hsv,75.9
13.9,417,Drought / Severe Stress,0.874,28239,hsv,75.9
13.9,417,Lush Green,0.565,42939,hsv,75.9
13.9,417,Lush Green,0.55,5027,hsv,75.9
13.9,417,Inconsistent Growth,0.55,17872,hsv,75.9
13.9,417,Inconsistent Growth,0.55,6373,hsv,75.9
13.9,417,Inconsistent Growth,0.55,4316,hsv,75.9
